"MAE","RMSE","R2","Model"
0.788477140979551,0.985818628648948,0.752559841267899,"Grid Sites"
0.834827841426337,1.03655642494411,0.726434050499954,"Random Sites"
