"MAE","RMSE","R2","Model"
0.81231442293049,1.03803820702321,0.713439981413647,"Nonseparable (Misspecified)"
0.85669604384347,1.07203939306573,0.707384294107606,"Separable (Correct)"
